PRAGMA foreign_keys=OFF;
BEGIN TRANSACTION;
CREATE TABLE IF NOT EXISTS "django_migrations" ("id" integer NOT NULL PRIMARY KEY AUTOINCREMENT, "app" varchar(255) NOT NULL, "name" varchar(255) NOT NULL, "applied" datetime NOT NULL);
INSERT INTO django_migrations VALUES(1,'contenttypes','0001_initial','2024-08-24 18:34:10.979951');
INSERT INTO django_migrations VALUES(2,'auth','0001_initial','2024-08-24 18:34:10.987558');
INSERT INTO django_migrations VALUES(3,'admin','0001_initial','2024-08-24 18:34:10.993284');
INSERT INTO django_migrations VALUES(4,'admin','0002_logentry_remove_auto_add','2024-08-24 18:34:10.998163');
INSERT INTO django_migrations VALUES(5,'admin','0003_logentry_add_action_flag_choices','2024-08-24 18:34:11.000524');
INSERT INTO django_migrations VALUES(6,'contenttypes','0002_remove_content_type_name','2024-08-24 18:34:11.006420');
INSERT INTO django_migrations VALUES(7,'auth','0002_alter_permission_name_max_length','2024-08-24 18:34:11.009690');
INSERT INTO django_migrations VALUES(8,'auth','0003_alter_user_email_max_length','2024-08-24 18:34:11.013796');
INSERT INTO django_migrations VALUES(9,'auth','0004_alter_user_username_opts','2024-08-24 18:34:11.016203');
INSERT INTO django_migrations VALUES(10,'auth','0005_alter_user_last_login_null','2024-08-24 18:34:11.020195');
INSERT INTO django_migrations VALUES(11,'auth','0006_require_contenttypes_0002','2024-08-24 18:34:11.020791');
INSERT INTO django_migrations VALUES(12,'auth','0007_alter_validators_add_error_messages','2024-08-24 18:34:11.031210');
INSERT INTO django_migrations VALUES(13,'auth','0008_alter_user_username_max_length','2024-08-24 18:34:11.034827');
INSERT INTO django_migrations VALUES(14,'auth','0009_alter_user_last_name_max_length','2024-08-24 18:34:11.038023');
INSERT INTO django_migrations VALUES(15,'auth','0010_alter_group_name_max_length','2024-08-24 18:34:11.041422');
INSERT INTO django_migrations VALUES(16,'auth','0011_update_proxy_permissions','2024-08-24 18:34:11.043915');
INSERT INTO django_migrations VALUES(17,'auth','0012_alter_user_first_name_max_length','2024-08-24 18:34:11.048316');
INSERT INTO django_migrations VALUES(18,'sessions','0001_initial','2024-08-24 18:34:11.050460');
INSERT INTO django_migrations VALUES(19,'mysite','0001_initial','2024-08-24 19:28:24.286878');
INSERT INTO django_migrations VALUES(20,'mysite','0002_alter_certification_certification_logo_and_more','2024-08-24 19:55:34.180228');
INSERT INTO django_migrations VALUES(21,'mysite','0003_alter_certification_certification_logo_and_more','2024-08-24 19:55:34.187803');
INSERT INTO django_migrations VALUES(22,'mysite','0004_alter_certification_certification_logo_and_more','2024-08-24 20:27:51.184752');
INSERT INTO django_migrations VALUES(23,'mysite','0005_certification_verification_url_and_more','2024-08-24 22:54:56.697340');
INSERT INTO django_migrations VALUES(24,'mysite','0006_contactform','2024-08-25 17:55:02.829787');
INSERT INTO django_migrations VALUES(25,'mysite','0007_alter_contactform_message','2024-08-25 18:33:41.073465');
INSERT INTO django_migrations VALUES(26,'mysite','0008_remove_contactform_name_contactform_first_name_and_more','2024-08-25 18:44:34.823108');
INSERT INTO django_migrations VALUES(27,'mysite','0009_rename_contactform_contact_remove_certification_id_and_more','2024-08-25 19:10:31.043769');
INSERT INTO django_migrations VALUES(28,'mysite','0010_alter_contact_email_alter_contact_message','2024-08-25 19:34:26.554744');
INSERT INTO django_migrations VALUES(29,'mysite','0011_experience','2024-09-15 23:48:04.411205');
INSERT INTO django_migrations VALUES(30,'mysite','0012_alter_experience_company_experience','2024-09-16 01:47:57.883446');
INSERT INTO django_migrations VALUES(31,'mysite','0013_alter_experience_company_experience','2024-09-16 02:08:12.628446');
INSERT INTO django_migrations VALUES(32,'mysite','0014_alter_experience_company_experience','2024-09-16 02:08:12.632365');
INSERT INTO django_migrations VALUES(33,'mysite','0015_contact_timestamp','2024-09-16 04:49:51.431781');
CREATE TABLE IF NOT EXISTS "auth_group_permissions" ("id" integer NOT NULL PRIMARY KEY AUTOINCREMENT, "group_id" integer NOT NULL REFERENCES "auth_group" ("id") DEFERRABLE INITIALLY DEFERRED, "permission_id" integer NOT NULL REFERENCES "auth_permission" ("id") DEFERRABLE INITIALLY DEFERRED);
CREATE TABLE IF NOT EXISTS "auth_user_groups" ("id" integer NOT NULL PRIMARY KEY AUTOINCREMENT, "user_id" integer NOT NULL REFERENCES "auth_user" ("id") DEFERRABLE INITIALLY DEFERRED, "group_id" integer NOT NULL REFERENCES "auth_group" ("id") DEFERRABLE INITIALLY DEFERRED);
CREATE TABLE IF NOT EXISTS "auth_user_user_permissions" ("id" integer NOT NULL PRIMARY KEY AUTOINCREMENT, "user_id" integer NOT NULL REFERENCES "auth_user" ("id") DEFERRABLE INITIALLY DEFERRED, "permission_id" integer NOT NULL REFERENCES "auth_permission" ("id") DEFERRABLE INITIALLY DEFERRED);
CREATE TABLE IF NOT EXISTS "django_admin_log" ("id" integer NOT NULL PRIMARY KEY AUTOINCREMENT, "object_id" text NULL, "object_repr" varchar(200) NOT NULL, "action_flag" smallint unsigned NOT NULL CHECK ("action_flag" >= 0), "change_message" text NOT NULL, "content_type_id" integer NULL REFERENCES "django_content_type" ("id") DEFERRABLE INITIALLY DEFERRED, "user_id" integer NOT NULL REFERENCES "auth_user" ("id") DEFERRABLE INITIALLY DEFERRED, "action_time" datetime NOT NULL);
INSERT INTO django_admin_log VALUES(1,'1','AWS Cloud Practitioner',1,'[{"added": {}}]',7,1,'2024-08-25 19:13:50.002796');
INSERT INTO django_admin_log VALUES(2,'2','Tableau Desktop Specialist',1,'[{"added": {}}]',7,1,'2024-08-25 19:14:01.922223');
INSERT INTO django_admin_log VALUES(3,'3','Machine Learning from Stanford Online',1,'[{"added": {}}]',7,1,'2024-08-25 19:14:56.082815');
INSERT INTO django_admin_log VALUES(4,'4','Deep Learning Specilization',1,'[{"added": {}}]',7,1,'2024-08-25 19:15:08.872880');
INSERT INTO django_admin_log VALUES(5,'5','Python Core',1,'[{"added": {}}]',7,1,'2024-08-25 19:15:20.757694');
INSERT INTO django_admin_log VALUES(6,'3','Machine Learning Stanford Online',2,'[{"changed": {"fields": ["Certification name"]}}]',7,1,'2024-08-25 19:15:46.658419');
INSERT INTO django_admin_log VALUES(7,'1','PyTorch',1,'[{"added": {}}]',8,1,'2024-08-25 19:16:37.386506');
INSERT INTO django_admin_log VALUES(8,'2','NumPy',1,'[{"added": {}}]',8,1,'2024-08-25 19:16:48.854236');
INSERT INTO django_admin_log VALUES(9,'3','SQL',1,'[{"added": {}}]',8,1,'2024-08-25 19:17:11.024956');
INSERT INTO django_admin_log VALUES(10,'4','Pandas',1,'[{"added": {}}]',8,1,'2024-08-25 19:17:22.399592');
INSERT INTO django_admin_log VALUES(11,'5','scikit-learn',1,'[{"added": {}}]',8,1,'2024-08-25 19:17:34.074342');
INSERT INTO django_admin_log VALUES(12,'6','Visualization',1,'[{"added": {}}]',8,1,'2024-08-25 19:17:46.652955');
INSERT INTO django_admin_log VALUES(13,'7','Apache Airflow',1,'[{"added": {}}]',8,1,'2024-08-25 19:18:06.613265');
INSERT INTO django_admin_log VALUES(14,'8','Git',1,'[{"added": {}}]',8,1,'2024-08-25 19:18:16.212761');
INSERT INTO django_admin_log VALUES(15,'9','TensorFlow',1,'[{"added": {}}]',8,1,'2024-08-25 19:18:27.549174');
INSERT INTO django_admin_log VALUES(16,'10','Python',1,'[{"added": {}}]',8,1,'2024-08-25 19:19:00.032438');
INSERT INTO django_admin_log VALUES(17,'11','Django',1,'[{"added": {}}]',8,1,'2024-08-25 19:19:18.789916');
INSERT INTO django_admin_log VALUES(18,'12','A/B Testing',1,'[{"added": {}}]',8,1,'2024-08-25 19:19:37.980445');
INSERT INTO django_admin_log VALUES(19,'1','Abhijit Deshpande',1,'[{"added": {}}]',9,1,'2024-08-25 19:28:26.497752');
INSERT INTO django_admin_log VALUES(20,'1','Abhijit Deshpande',3,'',9,1,'2024-08-25 19:28:52.864953');
INSERT INTO django_admin_log VALUES(21,'3','dacsacAbhijit dwqwaa',3,'',9,1,'2024-08-25 20:36:25.794367');
INSERT INTO django_admin_log VALUES(22,'2','Abhijit Deshpande',3,'',9,1,'2024-08-25 20:36:25.796313');
INSERT INTO django_admin_log VALUES(23,'1','Abhijit Deshpande',3,'',9,1,'2024-08-25 20:36:25.797539');
INSERT INTO django_admin_log VALUES(24,'5','Abhijit ',3,'',9,1,'2024-08-25 22:26:15.478148');
INSERT INTO django_admin_log VALUES(25,'4','Abhijit Deshpande',3,'',9,1,'2024-08-25 22:26:15.480742');
INSERT INTO django_admin_log VALUES(26,'6','Abhijit Deshpande',3,'',9,1,'2024-08-25 22:33:58.218541');
INSERT INTO django_admin_log VALUES(27,'8','Superman ',3,'',9,1,'2024-08-25 22:43:17.842241');
INSERT INTO django_admin_log VALUES(28,'7','Abhijit Deshpande',3,'',9,1,'2024-08-25 22:43:17.845322');
INSERT INTO django_admin_log VALUES(29,'10','Abhijit Deshpande',3,'',9,1,'2024-08-25 22:49:49.529928');
INSERT INTO django_admin_log VALUES(30,'9','Abhijit Deshpande',3,'',9,1,'2024-08-25 22:49:49.531561');
INSERT INTO django_admin_log VALUES(31,'17','Abhijit Deshpande',3,'',9,1,'2024-08-25 22:58:17.926283');
INSERT INTO django_admin_log VALUES(32,'16','Abhijit Deshpande',3,'',9,1,'2024-08-25 22:58:17.928441');
INSERT INTO django_admin_log VALUES(33,'15','Abhijit Deshpande',3,'',9,1,'2024-08-25 22:58:17.930034');
INSERT INTO django_admin_log VALUES(34,'14','Abhijit Deshpande',3,'',9,1,'2024-08-25 22:58:17.931297');
INSERT INTO django_admin_log VALUES(35,'13','Abhijit Deshpande',3,'',9,1,'2024-08-25 22:58:17.932493');
INSERT INTO django_admin_log VALUES(36,'12','Abhijit Deshpande',3,'',9,1,'2024-08-25 22:58:17.933710');
INSERT INTO django_admin_log VALUES(37,'11','Abhijit Deshpande',3,'',9,1,'2024-08-25 22:58:17.934909');
INSERT INTO django_admin_log VALUES(38,'18','Abhijit Deshpande',3,'',9,1,'2024-08-25 23:34:17.787831');
INSERT INTO django_admin_log VALUES(39,'3','SQL',2,'[{"changed": {"fields": ["Tool logo"]}}]',8,1,'2024-08-26 03:33:51.686967');
INSERT INTO django_admin_log VALUES(40,'4','Pandas',2,'[{"changed": {"fields": ["Tool logo"]}}]',8,1,'2024-08-26 03:34:38.710417');
INSERT INTO django_admin_log VALUES(41,'7','Apache Airflow',2,'[{"changed": {"fields": ["Tool logo"]}}]',8,1,'2024-08-26 03:35:23.506078');
INSERT INTO django_admin_log VALUES(42,'9','TensorFlow',2,'[{"changed": {"fields": ["Tool logo"]}}]',8,1,'2024-08-26 03:35:58.765598');
INSERT INTO django_admin_log VALUES(43,'2','NumPy',2,'[{"changed": {"fields": ["Tool logo"]}}]',8,1,'2024-08-26 03:46:12.748274');
INSERT INTO django_admin_log VALUES(44,'3','SQL',2,'[{"changed": {"fields": ["Tool logo"]}}]',8,1,'2024-08-26 03:47:14.326145');
INSERT INTO django_admin_log VALUES(45,'3','SQL',2,'[{"changed": {"fields": ["Tool logo"]}}]',8,1,'2024-08-26 03:48:34.226746');
INSERT INTO django_admin_log VALUES(46,'13','Docker',1,'[{"added": {}}]',8,1,'2024-08-26 03:49:45.389117');
INSERT INTO django_admin_log VALUES(47,'8','Git',2,'[{"changed": {"fields": ["Tool logo"]}}]',8,1,'2024-08-26 03:49:53.581035');
INSERT INTO django_admin_log VALUES(48,'19','AD (&&&&)',3,'',9,1,'2024-08-26 03:57:00.153432');
INSERT INTO django_admin_log VALUES(49,'10','Python',2,'[{"changed": {"fields": ["Tool logo"]}}]',8,1,'2024-08-26 05:32:47.261344');
INSERT INTO django_admin_log VALUES(50,'3','SQL',2,'[{"changed": {"fields": ["Tool logo"]}}]',8,1,'2024-08-26 05:36:15.717024');
INSERT INTO django_admin_log VALUES(51,'3','SQL',2,'[{"changed": {"fields": ["Tool logo"]}}]',8,1,'2024-08-26 05:37:55.250106');
INSERT INTO django_admin_log VALUES(52,'3','SQL',2,'[{"changed": {"fields": ["Tool logo"]}}]',8,1,'2024-08-26 05:39:56.905394');
INSERT INTO django_admin_log VALUES(53,'6','Visualization',2,'[{"changed": {"fields": ["Tool logo"]}}]',8,1,'2024-08-26 05:41:58.095927');
INSERT INTO django_admin_log VALUES(54,'6','Visualization',2,'[{"changed": {"fields": ["Tool logo"]}}]',8,1,'2024-08-26 05:43:56.831408');
INSERT INTO django_admin_log VALUES(55,'12','A/B Testing',2,'[{"changed": {"fields": ["Tool logo"]}}]',8,1,'2024-08-26 05:47:09.205182');
INSERT INTO django_admin_log VALUES(56,'12','A/B Testing',2,'[{"changed": {"fields": ["Tool logo"]}}]',8,1,'2024-08-26 05:48:46.928724');
INSERT INTO django_admin_log VALUES(57,'6','Visualization',2,'[{"changed": {"fields": ["Tool logo"]}}]',8,1,'2024-08-26 06:01:03.146558');
INSERT INTO django_admin_log VALUES(58,'6','Visualization',2,'[{"changed": {"fields": ["Tool logo"]}}]',8,1,'2024-08-26 06:01:55.763459');
INSERT INTO django_admin_log VALUES(59,'6','Visualization',2,'[{"changed": {"fields": ["Tool logo"]}}]',8,1,'2024-08-26 14:04:21.376912');
INSERT INTO django_admin_log VALUES(60,'2','NumPy',2,'[{"changed": {"fields": ["Tool logo"]}}]',8,1,'2024-08-26 14:08:12.300749');
INSERT INTO django_admin_log VALUES(61,'1','PyTorch',2,'[{"changed": {"fields": ["Tool logo"]}}]',8,1,'2024-09-12 16:48:09.086824');
INSERT INTO django_admin_log VALUES(62,'5','scikit-learn',2,'[{"changed": {"fields": ["Tool logo"]}}]',8,1,'2024-09-12 16:48:48.630777');
INSERT INTO django_admin_log VALUES(63,'11','Django',2,'[{"changed": {"fields": ["Tool logo"]}}]',8,1,'2024-09-12 16:49:13.312969');
INSERT INTO django_admin_log VALUES(64,'1','University of Texas Arlington',1,'[{"added": {}}]',10,1,'2024-09-15 23:56:30.857275');
INSERT INTO django_admin_log VALUES(65,'1','University of Texas Arlington',2,'[]',10,1,'2024-09-16 00:05:20.726629');
INSERT INTO django_admin_log VALUES(66,'2','TechCU',1,'[{"added": {}}]',10,1,'2024-09-16 00:11:25.486272');
INSERT INTO django_admin_log VALUES(67,'1','University of Texas Arlington',2,'[{"changed": {"fields": ["Company experience"]}}]',10,1,'2024-09-16 01:40:55.557647');
INSERT INTO django_admin_log VALUES(68,'1','University of Texas Arlington',3,'',10,1,'2024-09-16 01:41:25.607630');
INSERT INTO django_admin_log VALUES(69,'2','TechCU',3,'',10,1,'2024-09-16 01:41:28.751697');
INSERT INTO django_admin_log VALUES(70,'3','Flagstar Bank',1,'[{"added": {}}]',10,1,'2024-09-16 01:42:44.060942');
INSERT INTO django_admin_log VALUES(71,'3','Flagstar Bank',2,'[{"changed": {"fields": ["Company experience"]}}]',10,1,'2024-09-16 01:43:44.019727');
INSERT INTO django_admin_log VALUES(72,'3','Flagstar Bank',2,'[]',10,1,'2024-09-16 01:43:48.083086');
INSERT INTO django_admin_log VALUES(73,'3','Flagstar Bank',2,'[{"changed": {"fields": ["Company experience"]}}]',10,1,'2024-09-16 01:49:21.658186');
INSERT INTO django_admin_log VALUES(74,'3','Flagstar Bank',2,'[]',10,1,'2024-09-16 01:49:27.540781');
INSERT INTO django_admin_log VALUES(75,'3','Flagstar Bank',2,'[]',10,1,'2024-09-16 01:49:34.225157');
INSERT INTO django_admin_log VALUES(76,'3','Flagstar Bank',2,'[{"changed": {"fields": ["Company experience"]}}]',10,1,'2024-09-16 01:54:17.207474');
INSERT INTO django_admin_log VALUES(77,'4','Technology Credit Union',1,'[{"added": {}}]',10,1,'2024-09-16 01:58:33.641193');
INSERT INTO django_admin_log VALUES(78,'4','Technology Credit Union',2,'[{"changed": {"fields": ["Company experience"]}}]',10,1,'2024-09-16 01:58:57.302116');
INSERT INTO django_admin_log VALUES(79,'5','University of Texas Arlington',1,'[{"added": {}}]',10,1,'2024-09-16 02:03:15.396740');
INSERT INTO django_admin_log VALUES(80,'3','Flagstar Bank',2,'[{"changed": {"fields": ["Company experience"]}}]',10,1,'2024-09-16 02:06:15.411030');
INSERT INTO django_admin_log VALUES(81,'3','Flagstar Bank',2,'[{"changed": {"fields": ["Company experience"]}}]',10,1,'2024-09-16 02:08:46.708681');
INSERT INTO django_admin_log VALUES(82,'3','Flagstar Bank',2,'[]',10,1,'2024-09-16 02:08:59.175929');
INSERT INTO django_admin_log VALUES(83,'3','Flagstar Bank',2,'[{"changed": {"fields": ["Company experience"]}}]',10,1,'2024-09-16 02:12:41.249893');
INSERT INTO django_admin_log VALUES(84,'4','Technology Credit Union',2,'[{"changed": {"fields": ["Company experience"]}}]',10,1,'2024-09-16 02:13:00.232193');
INSERT INTO django_admin_log VALUES(85,'3','Flagstar Bank',2,'[]',10,1,'2024-09-16 02:13:18.047777');
INSERT INTO django_admin_log VALUES(86,'5','University of Texas Arlington',2,'[{"changed": {"fields": ["Company experience"]}}]',10,1,'2024-09-16 02:13:22.419089');
INSERT INTO django_admin_log VALUES(87,'3','Flagstar Bank',2,'[{"changed": {"fields": ["Company experience"]}}]',10,1,'2024-09-16 02:35:25.145966');
INSERT INTO django_admin_log VALUES(88,'4','Technology Credit Union',2,'[{"changed": {"fields": ["Company experience"]}}]',10,1,'2024-09-16 02:36:07.898776');
INSERT INTO django_admin_log VALUES(89,'5','University of Texas Arlington',2,'[{"changed": {"fields": ["Company experience"]}}]',10,1,'2024-09-16 02:36:59.152205');
INSERT INTO django_admin_log VALUES(90,'21','Abhijit Deshpande',3,'',9,1,'2024-09-16 04:50:37.761475');
INSERT INTO django_admin_log VALUES(91,'20','abhijit ',3,'',9,1,'2024-09-16 04:50:46.400810');
INSERT INTO django_admin_log VALUES(92,'23','Abhijit Deshpande 2024-09-16 04:56:27',3,'',9,1,'2024-09-16 05:00:31.680404');
INSERT INTO django_admin_log VALUES(93,'22','Abhijit Deshpande 2024-09-16 04:51:31',3,'',9,1,'2024-09-16 05:00:31.683018');
INSERT INTO django_admin_log VALUES(94,'25','a  2024-09-16 14:03:33',3,'',9,1,'2024-09-16 14:04:00.637132');
CREATE TABLE IF NOT EXISTS "django_content_type" ("id" integer NOT NULL PRIMARY KEY AUTOINCREMENT, "app_label" varchar(100) NOT NULL, "model" varchar(100) NOT NULL);
INSERT INTO django_content_type VALUES(1,'admin','logentry');
INSERT INTO django_content_type VALUES(2,'auth','permission');
INSERT INTO django_content_type VALUES(3,'auth','group');
INSERT INTO django_content_type VALUES(4,'auth','user');
INSERT INTO django_content_type VALUES(5,'contenttypes','contenttype');
INSERT INTO django_content_type VALUES(6,'sessions','session');
INSERT INTO django_content_type VALUES(7,'mysite','certification');
INSERT INTO django_content_type VALUES(8,'mysite','tool');
INSERT INTO django_content_type VALUES(9,'mysite','contact');
INSERT INTO django_content_type VALUES(10,'mysite','experience');
CREATE TABLE IF NOT EXISTS "auth_permission" ("id" integer NOT NULL PRIMARY KEY AUTOINCREMENT, "content_type_id" integer NOT NULL REFERENCES "django_content_type" ("id") DEFERRABLE INITIALLY DEFERRED, "codename" varchar(100) NOT NULL, "name" varchar(255) NOT NULL);
INSERT INTO auth_permission VALUES(1,1,'add_logentry','Can add log entry');
INSERT INTO auth_permission VALUES(2,1,'change_logentry','Can change log entry');
INSERT INTO auth_permission VALUES(3,1,'delete_logentry','Can delete log entry');
INSERT INTO auth_permission VALUES(4,1,'view_logentry','Can view log entry');
INSERT INTO auth_permission VALUES(5,2,'add_permission','Can add permission');
INSERT INTO auth_permission VALUES(6,2,'change_permission','Can change permission');
INSERT INTO auth_permission VALUES(7,2,'delete_permission','Can delete permission');
INSERT INTO auth_permission VALUES(8,2,'view_permission','Can view permission');
INSERT INTO auth_permission VALUES(9,3,'add_group','Can add group');
INSERT INTO auth_permission VALUES(10,3,'change_group','Can change group');
INSERT INTO auth_permission VALUES(11,3,'delete_group','Can delete group');
INSERT INTO auth_permission VALUES(12,3,'view_group','Can view group');
INSERT INTO auth_permission VALUES(13,4,'add_user','Can add user');
INSERT INTO auth_permission VALUES(14,4,'change_user','Can change user');
INSERT INTO auth_permission VALUES(15,4,'delete_user','Can delete user');
INSERT INTO auth_permission VALUES(16,4,'view_user','Can view user');
INSERT INTO auth_permission VALUES(17,5,'add_contenttype','Can add content type');
INSERT INTO auth_permission VALUES(18,5,'change_contenttype','Can change content type');
INSERT INTO auth_permission VALUES(19,5,'delete_contenttype','Can delete content type');
INSERT INTO auth_permission VALUES(20,5,'view_contenttype','Can view content type');
INSERT INTO auth_permission VALUES(21,6,'add_session','Can add session');
INSERT INTO auth_permission VALUES(22,6,'change_session','Can change session');
INSERT INTO auth_permission VALUES(23,6,'delete_session','Can delete session');
INSERT INTO auth_permission VALUES(24,6,'view_session','Can view session');
INSERT INTO auth_permission VALUES(25,7,'add_certification','Can add certification');
INSERT INTO auth_permission VALUES(26,7,'change_certification','Can change certification');
INSERT INTO auth_permission VALUES(27,7,'delete_certification','Can delete certification');
INSERT INTO auth_permission VALUES(28,7,'view_certification','Can view certification');
INSERT INTO auth_permission VALUES(29,8,'add_tool','Can add tool');
INSERT INTO auth_permission VALUES(30,8,'change_tool','Can change tool');
INSERT INTO auth_permission VALUES(31,8,'delete_tool','Can delete tool');
INSERT INTO auth_permission VALUES(32,8,'view_tool','Can view tool');
INSERT INTO auth_permission VALUES(33,9,'add_contact','Can add contact');
INSERT INTO auth_permission VALUES(34,9,'change_contact','Can change contact');
INSERT INTO auth_permission VALUES(35,9,'delete_contact','Can delete contact');
INSERT INTO auth_permission VALUES(36,9,'view_contact','Can view contact');
INSERT INTO auth_permission VALUES(37,10,'add_experience','Can add experience');
INSERT INTO auth_permission VALUES(38,10,'change_experience','Can change experience');
INSERT INTO auth_permission VALUES(39,10,'delete_experience','Can delete experience');
INSERT INTO auth_permission VALUES(40,10,'view_experience','Can view experience');
CREATE TABLE IF NOT EXISTS "auth_group" ("id" integer NOT NULL PRIMARY KEY AUTOINCREMENT, "name" varchar(150) NOT NULL UNIQUE);
CREATE TABLE IF NOT EXISTS "auth_user" ("id" integer NOT NULL PRIMARY KEY AUTOINCREMENT, "password" varchar(128) NOT NULL, "last_login" datetime NULL, "is_superuser" bool NOT NULL, "username" varchar(150) NOT NULL UNIQUE, "last_name" varchar(150) NOT NULL, "email" varchar(254) NOT NULL, "is_staff" bool NOT NULL, "is_active" bool NOT NULL, "date_joined" datetime NOT NULL, "first_name" varchar(150) NOT NULL);
INSERT INTO auth_user VALUES(1,'pbkdf2_sha256$390000$FIgjJ6Oz3ejcYFjTpJkJTO$PfmiGNHzbv/0u2NsCq1Xj8koSvld8VH0t7KoL0hKB2Y=','2024-09-17 05:57:05.913461',1,'abhijitdeshpande','','abhijitdeshpande83@gmail.com',1,1,'2024-08-25 19:12:28.700858','');
CREATE TABLE IF NOT EXISTS "django_session" ("session_key" varchar(40) NOT NULL PRIMARY KEY, "session_data" text NOT NULL, "expire_date" datetime NOT NULL);
INSERT INTO django_session VALUES('ymo0ajteg3v02nyqqzle41cbmrt8ksez','.eJxVjDkOwjAUBe_iGllxvFPScwbrLzYOIEeKkwpxd4iUAto3M-8lEmxrTVvPS5pYnIUSp98NgR657YDv0G6zpLmty4RyV-RBu7zOnJ-Xw_07qNDrt9bOFF3IsvVjUCEqAh4cEFoOQQOjiRmcNugMjOzLkJ3DAEg-6EjGivcH7Cc4PQ:1siIfM:HWr0ppsXWMhUn5UpovLYK05FvpvJSLGoycqZ6toqROE','2024-09-08 19:12:44.454159');
INSERT INTO django_session VALUES('jf06zl5vq3thmu3vupkv9qsh9wrn5ppv','.eJxVjDkOwjAUBe_iGllxvFPScwbrLzYOIEeKkwpxd4iUAto3M-8lEmxrTVvPS5pYnIUSp98NgR657YDv0G6zpLmty4RyV-RBu7zOnJ-Xw_07qNDrt9bOFF3IsvVjUCEqAh4cEFoOQQOjiRmcNugMjOzLkJ3DAEg-6EjGivcH7Cc4PQ:1siIfM:HWr0ppsXWMhUn5UpovLYK05FvpvJSLGoycqZ6toqROE','2024-09-08 19:12:44.457635');
INSERT INTO django_session VALUES('mj9hs83nhaf50a25rcs3humr1j3ay1fi','.eJxVjDkOwjAUBe_iGllxvFPScwbrLzYOIEeKkwpxd4iUAto3M-8lEmxrTVvPS5pYnIUSp98NgR657YDv0G6zpLmty4RyV-RBu7zOnJ-Xw_07qNDrt9bOFF3IsvVjUCEqAh4cEFoOQQOjiRmcNugMjOzLkJ3DAEg-6EjGivcH7Cc4PQ:1siJqJ:E7FCmKvVMyDRgQXT5fzqDU9oMwwW3KpQ2Aipz2-_87I','2024-09-08 20:28:07.058175');
INSERT INTO django_session VALUES('39lgr925zp5pifuiaa7ofqfcrhw1ajif','.eJxVjDkOwjAUBe_iGllxvFPScwbrLzYOIEeKkwpxd4iUAto3M-8lEmxrTVvPS5pYnIUSp98NgR657YDv0G6zpLmty4RyV-RBu7zOnJ-Xw_07qNDrt9bOFF3IsvVjUCEqAh4cEFoOQQOjiRmcNugMjOzLkJ3DAEg-6EjGivcH7Cc4PQ:1siJyC:JBPxI4OakQ97S1FtgwmrjHOmiziU1TKjvclNZj8KOss','2024-09-08 20:36:16.566233');
INSERT INTO django_session VALUES('q42opg6yr72e2jp8vcsm8hro4nn1tacd','.eJxVjDkOwjAUBe_iGllxvFPScwbrLzYOIEeKkwpxd4iUAto3M-8lEmxrTVvPS5pYnIUSp98NgR657YDv0G6zpLmty4RyV-RBu7zOnJ-Xw_07qNDrt9bOFF3IsvVjUCEqAh4cEFoOQQOjiRmcNugMjOzLkJ3DAEg-6EjGivcH7Cc4PQ:1siLwe:4qsYnr9O6eaj-SZuTKeokXCoyC08qK8XHcBb6f1Gv8s','2024-09-08 22:42:48.478969');
INSERT INTO django_session VALUES('er5puae41rfs8cee7q1hyfnsubabhht2','.eJxVjDkOwjAUBe_iGllxvFPScwbrLzYOIEeKkwpxd4iUAto3M-8lEmxrTVvPS5pYnIUSp98NgR657YDv0G6zpLmty4RyV-RBu7zOnJ-Xw_07qNDrt9bOFF3IsvVjUCEqAh4cEFoOQQOjiRmcNugMjOzLkJ3DAEg-6EjGivcH7Cc4PQ:1somyY:JbtdwSRLcUcu8hX9654kTaNHgFftm-NNhdMY7CxwbtA','2024-09-26 16:47:22.873513');
INSERT INTO django_session VALUES('h64hxjuwrpe7z997vs3mfkycfddum23x','.eJxVjDkOwjAUBe_iGllxvFPScwbrLzYOIEeKkwpxd4iUAto3M-8lEmxrTVvPS5pYnIUSp98NgR657YDv0G6zpLmty4RyV-RBu7zOnJ-Xw_07qNDrt9bOFF3IsvVjUCEqAh4cEFoOQQOjiRmcNugMjOzLkJ3DAEg-6EjGivcH7Cc4PQ:1sqRCz:NiK68L9VZTuQxWf4_pWxEkvj3xFcL4m2Xe80Qn-nuMo','2024-10-01 05:57:05.914403');
CREATE TABLE IF NOT EXISTS "mysite_certification" ("certification_name" varchar(100) NOT NULL, "certification_logo" varchar(100) NOT NULL, "verification_url" varchar(200) NOT NULL, "certification_id" integer NOT NULL PRIMARY KEY AUTOINCREMENT);
INSERT INTO mysite_certification VALUES('AWS Cloud Practitioner','certifications/AWS-Certified-Cloud-Practitioner_badg_6N8TNbv_XGQFN1q_k4BZIRo.png','https://cp.certmetrics.com/amazon/en/public/verify/credential/c31151784a8f4222b3c95bd373af97ce',1);
INSERT INTO mysite_certification VALUES('Tableau Desktop Specialist','certifications/Tableau_Desktop_Specialist_kunZDuA.png','https://www.credly.com/badges/61af99e0-e01a-4762-a1e2-9731838666bb',2);
INSERT INTO mysite_certification VALUES('Machine Learning Stanford Online','certifications/Stanford_online_eMLcgkD.png','https://www.coursera.org/account/accomplishments/certificate/SWBGSFYWJUX2',3);
INSERT INTO mysite_certification VALUES('Deep Learning Specilization','certifications/deep_learning_spec_8Km0kbv.png','https://www.coursera.org/account/accomplishments/specialization/certificate/TH556BG2W3A6',4);
INSERT INTO mysite_certification VALUES('Python Core','certifications/SLPython_isBYqAO.png','https://www.sololearn.com/Certificate/CT-AXQ9BKAF/png',5);
CREATE TABLE IF NOT EXISTS "mysite_tool" ("tool_name" varchar(100) NOT NULL, "tool_logo" varchar(100) NOT NULL, "tool_id" integer NOT NULL PRIMARY KEY AUTOINCREMENT);
INSERT INTO mysite_tool VALUES('PyTorch','tools/Pytorch_zZqvh4e.webp',1);
INSERT INTO mysite_tool VALUES('NumPy','tools/cube-3d.png',2);
INSERT INTO mysite_tool VALUES('SQL','tools/sql_HjSmkjH.png',3);
INSERT INTO mysite_tool VALUES('Pandas','tools/Pandas.svg',4);
INSERT INTO mysite_tool VALUES('scikit-learn','tools/sklearn_01I2eCH.webp',5);
INSERT INTO mysite_tool VALUES('Visualization','tools/business-report.png',6);
INSERT INTO mysite_tool VALUES('Apache Airflow','tools/Apache_Airflow.svg',7);
INSERT INTO mysite_tool VALUES('Git','tools/Git.svg',8);
INSERT INTO mysite_tool VALUES('TensorFlow','tools/TensorFlow_pVHTIZn.svg',9);
INSERT INTO mysite_tool VALUES('Python','tools/Python_8m08945.svg',10);
INSERT INTO mysite_tool VALUES('Django','tools/django_ksYO4U7.webp',11);
INSERT INTO mysite_tool VALUES('A/B Testing','tools/ab-testing_1.png',12);
INSERT INTO mysite_tool VALUES('Docker','tools/Docker.svg',13);
CREATE TABLE IF NOT EXISTS "mysite_experience" ("company_id" integer NOT NULL PRIMARY KEY AUTOINCREMENT, "company_name" varchar(50) NOT NULL, "company_experience" text NOT NULL);
INSERT INTO mysite_experience VALUES(3,'Flagstar Bank',replace(replace('<li>Optimized Outbound Wire Transfer Processing: Successfully enhanced outbound wire transfer processing time, reducing it to under 20 seconds. Focused on identifying and addressing key processing bottlenecks, which significantly elevated the company''s standing as a leader in rapid fund transfers. This optimization not only improved operational efficiency but also contributed to higher customer satisfaction by ensuring faster transaction completions.</li>\r\n<li>Developed Power BI Dashboards: Led the creation and implementation of advanced Power BI dashboards to simplify and integrate complex Straight-Through Processing (STP) wire processing reports. This initiative provided clear, actionable insights and reduced reliance on external reporting sources. The dashboards enabled more accurate and timely decision-making, enhancing overall business visibility and efficiency in monitoring wire transfer operations.</li>\r\n<li>Data Migration and Analytics Projects: Directed multiple data migration and analytics projects, ensuring accurate and seamless transfer of data between systems. Utilized advanced analytics techniques to generate actionable insights, which informed strategic business decisions. This work involved careful planning and execution to maintain data integrity and support the company''s strategic objectives..</li>\r\n<li>ISO 20022 Upgrade Implementation: Led the transition from the legacy FAIM format to the ISO 20022 standard for the payments system. This upgrade involved managing the migration process in compliance with international banking standards and industry regulations. Successfully facilitated a smooth transition to the new platform, ensuring compatibility with global standards and enhancing the bank’s ability to handle international transactions effectively.</li>','\r',char(13)),'\n',char(10)));
INSERT INTO mysite_experience VALUES(4,'Technology Credit Union',replace(replace('<li>Developed Conversion Strategy Model: Spearheaded the creation of a comprehensive conversion strategy model aimed at optimizing customer targeting and recommending actionable next steps. This model was instrumental in identifying high-conversion leads, resulting in a notable 20% increase in monthly account openings. Additionally, it contributed to a fivefold increase in customer engagement by effectively targeting and converting potential leads into active accounts.</li>\r\n<li>Created and Deployed Retention Model: Designed and implemented an advanced Retention Model using Python and AWS SageMaker. This model achieved approximately 50% recall in predicting customer churn, enabling the organization to proactively address potential issues and implement strategic retention interventions. The successful deployment of this model facilitated the strengthening of customer relationships and reduced overall churn rates.</li>\r\n<li>Enhanced Automation with Python and SQL: Utilized Python and SQL to significantly enhance automation processes within the organization. Developed and optimized scripts and queries that streamlined data handling and processing tasks, resulting in increased operational efficiency. These improvements led to the delivery of high-value data products and insights, supporting data-driven decision-making and strategic planning.</li>\r\n<li>Cross-Functional Collaboration: Acted as the key liaison for the Data Analytics department, collaborating with various cross-functional teams to drive initiatives aimed at boosting efficiency and enhancing automation. This role involved working closely with stakeholders from different departments to identify needs, address challenges, and deliver solutions that maximized value and supported organizational goals.</li>','\r',char(13)),'\n',char(10)));
INSERT INTO mysite_experience VALUES(5,'University of Texas Arlington',replace(replace('<li>Engineered Advanced LSTM Transformer Encoder Architecture: Developed a cutting-edge attention-based Long Short-Term Memory (LSTM) transformer encoder architecture tailored for forecasting financial market signals. This innovative model led to a substantial 20% improvement in forecasting accuracy by better capturing temporal dependencies and market trends. Additionally, the model''s precision reduced false positives by 25%, enhancing the reliability of market predictions and decision-making processes.</li>\r\n<li>Discovered Data Sampling Strategy: Identified and implemented an advanced data sampling strategy that utilized dollar volume observations combined with event-based sampling. This novel approach resulted in a 30% increase in model accuracy by ensuring that the training data was more representative of real-world market conditions and events. The improved sampling method helped in capturing critical market signals more effectively and enhancing the overall performance of predictive models.</li>\r\n<li>Enhanced Triple Barrier Methodology: Advanced the path-based Triple Barrier methodology by integrating additional horizontal barriers for profit-taking and stop-loss limits, and a vertical barrier to define optimal trading positions. This enhancement allowed for more precise and dynamic risk management and profit maximization strategies, ultimately improving the robustness and effectiveness of trading strategies.</li>\r\n<li>Developed and Deployed Neural Network Architecture: Led the development and deployment of a state-of-the-art neural network architecture using PyTorch, which included leveraging Optuna''s Bayesian optimization for hyperparameter tuning. This approach resulted in a remarkable 60% reduction in training time and a 30% increase in prediction accuracy. The optimization techniques employed not only streamlined the training process but also significantly enhanced the model''s performance, surpassing initial expectations and contributing to more accurate and efficient financial forecasting.</li>','\r',char(13)),'\n',char(10)));
CREATE TABLE IF NOT EXISTS "mysite_contact" ("id" integer NOT NULL PRIMARY KEY AUTOINCREMENT, "email" varchar(30) NOT NULL, "contact_number" varchar(128) NULL, "message" text NOT NULL, "first_name" varchar(15) NOT NULL, "last_name" varchar(15) NOT NULL, "timestamp" datetime NOT NULL);
INSERT INTO mysite_contact VALUES(24,'abhijitdeshpande83@gmail.com','+18172712819','Cool! Keep it up :) good work.','Abhijit','Deshpande','2024-09-16 05:10:47.055158');
DELETE FROM sqlite_sequence;
INSERT INTO sqlite_sequence VALUES('django_migrations',33);
INSERT INTO sqlite_sequence VALUES('django_admin_log',94);
INSERT INTO sqlite_sequence VALUES('django_content_type',10);
INSERT INTO sqlite_sequence VALUES('auth_permission',40);
INSERT INTO sqlite_sequence VALUES('auth_group',0);
INSERT INTO sqlite_sequence VALUES('auth_user',1);
INSERT INTO sqlite_sequence VALUES('mysite_certification',5);
INSERT INTO sqlite_sequence VALUES('mysite_tool',13);
INSERT INTO sqlite_sequence VALUES('mysite_experience',5);
INSERT INTO sqlite_sequence VALUES('mysite_contact',25);
CREATE UNIQUE INDEX "auth_group_permissions_group_id_permission_id_0cd325b0_uniq" ON "auth_group_permissions" ("group_id", "permission_id");
CREATE INDEX "auth_group_permissions_group_id_b120cbf9" ON "auth_group_permissions" ("group_id");
CREATE INDEX "auth_group_permissions_permission_id_84c5c92e" ON "auth_group_permissions" ("permission_id");
CREATE UNIQUE INDEX "auth_user_groups_user_id_group_id_94350c0c_uniq" ON "auth_user_groups" ("user_id", "group_id");
CREATE INDEX "auth_user_groups_user_id_6a12ed8b" ON "auth_user_groups" ("user_id");
CREATE INDEX "auth_user_groups_group_id_97559544" ON "auth_user_groups" ("group_id");
CREATE UNIQUE INDEX "auth_user_user_permissions_user_id_permission_id_14a6b632_uniq" ON "auth_user_user_permissions" ("user_id", "permission_id");
CREATE INDEX "auth_user_user_permissions_user_id_a95ead1b" ON "auth_user_user_permissions" ("user_id");
CREATE INDEX "auth_user_user_permissions_permission_id_1fbb5f2c" ON "auth_user_user_permissions" ("permission_id");
CREATE INDEX "django_admin_log_content_type_id_c4bce8eb" ON "django_admin_log" ("content_type_id");
CREATE INDEX "django_admin_log_user_id_c564eba6" ON "django_admin_log" ("user_id");
CREATE UNIQUE INDEX "django_content_type_app_label_model_76bd3d3b_uniq" ON "django_content_type" ("app_label", "model");
CREATE UNIQUE INDEX "auth_permission_content_type_id_codename_01ab375a_uniq" ON "auth_permission" ("content_type_id", "codename");
CREATE INDEX "auth_permission_content_type_id_2f476e4b" ON "auth_permission" ("content_type_id");
CREATE INDEX "django_session_expire_date_a5c62663" ON "django_session" ("expire_date");
COMMIT;
